Epoch 1 average train loss,Epoch 2 average train loss,Epoch 3 average train loss,Epoch 4 average train loss,Epoch 5 average train loss,Epoch 6 average train loss,Training time,Inference time,Precision,Recall,F-score,Accuracy,G-mean,Model name,Datasets list,Dataset size,Layers frozen,Learning rate,Class weights,Datasets list detailed,Model saved to,Epoch 7 average train loss
0.0,0.0,0.0,0.0,0.0,0.0,427.8449544906616 seconds,4.7567524909973145 seconds,0.6301369863013698,0.7479674796747967,0.6840148698884758,0.6205357142857143,0.681278602527986,roberta-base,crime,1119,0,1e-05,"Auto weights - [0.5120643431635389, 0.4879356568364611]",,,
,,,,,,21.50354504585266 seconds,0.3590121269226074 seconds,0.6190476190476191,0.4666666666666667,0.5321637426900585,0.49206349206349204,0.4791968589521739,distilbert-base-uncased,crime,"Train: 804, Test: 315",0,1e-05,"[0.4701492537313433, 0.5298507462686567]","Train: ['fa-kes'], Test: ['snope']",,
,,,,,,26.684173583984375 seconds,2.2156598567962646 seconds,0.8333333333333334,0.4065040650406504,0.546448087431694,0.6294642857142857,0.5058456196714236,distilbert-base-uncased,crime,,0,1e-05,"tensor([0.5121, 0.4879])",,./models/bert_model_wPwIZtuKPF.pt,
,,,,,,22.622438192367554 seconds,0.37169694900512695 seconds,0.8461538461538461,0.11282051282051282,0.1990950226244344,0.4380952380952381,0.22231988086118035,distilbert-base-uncased-finetuned-sst-2-english,crime,"Train: 804, Test: 315",0,1e-05,"[0.4701492537313433, 0.5298507462686567]","Train: ['fa-kes'], Test: ['snope']",,
0.0,0.0,0.0,0.0,0.0,,220.73644399642944 seconds,0.6447954177856445 seconds,0.6169491525423729,0.9333333333333333,0.7428571428571429,0.6,0.7483314773547882,albert-base-v2,crime,"Train: 804, Test: 315",0,1e-05,"Auto weights - [0.4701492537313433, 0.5298507462686567]","Train: ['fa-kes'], Test: ['snope']",,
0.0,0.0,0.0,0.0,0.0,0.0,2212.0771305561066 seconds,4.263457536697388 seconds,0.6206896551724138,0.4,0.4864864864864865,0.6607142857142857,0.5140872632984738,distilbert-base-uncased-finetuned-sst-2-english,crime,,0,1e-05,"[0.45, 0.55]",,,0.0
0.0,0.0,0.0,,,,311.7999219894409 seconds,7.753763437271118 seconds,0.94,0.3821138211382114,0.5433526011560694,0.6473214285714286,0.4973434070901859,bert-base-uncased,crime,1119,0,1e-05,"Auto weights - [0.5120643431635389, 0.4879356568364611]",,,
0.0,0.0,0.0,0.0,0.0,0.0,473.368736743927 seconds,5.930836915969849 seconds,0.8484848484848485,0.45528455284552843,0.5925925925925926,0.65625,0.5466081666101212,bert-base-cased,crime,1119,0,1e-05,"Auto weights - [0.5120643431635389, 0.4879356568364611]",,./models/bert_model_CwPAUJSPMc.pt,
,,,,,,45.632421255111694 seconds,0.6951568126678467 seconds,0.6935483870967742,0.441025641025641,0.5391849529780565,0.5333333333333333,0.4849883248220262,albert-base-v2,crime,"Train: 804, Test: 315",0,1e-05,"[0.4701492537313433, 0.5298507462686567]","Train: ['fa-kes'], Test: ['snope']",,
,,,,,,101.12100911140442 seconds,7.9105565547943115 seconds,0.7619047619047619,0.3902439024390244,0.5161290322580646,0.5982142857142857,0.4831660970638528,bert-base-uncased,crime,,0,1e-05,"tensor([0.5121, 0.4879])",,,
0.0,0.0,0.0,0.0,0.0,0.0,2140.6467654705048 seconds,23.82200574874878 seconds,0.5875,0.5222222222222223,0.5529411764705883,0.6607142857142857,0.5874007852732941,distilbert-base-uncased-finetuned-sst-2-english,crime,,0,1e-05,"[0.45, 0.55]",,,0.0
0.0,,,,,,50.094637393951416 seconds,4.814550161361694 seconds,0.95,0.3089430894308943,0.4662576687116565,0.6116071428571429,0.43468586385145774,albert-base-v2,crime,1119,0,1e-05,"Auto weights - [0.5120643431635389, 0.4879356568364611]",,,
0.0,0.0,0.0,0.0,0.0,0.0,2397.65047287941 seconds,4.3723742961883545 seconds,0.625,0.4444444444444444,0.5194805194805195,0.6696428571428571,0.5455447255899809,distilbert-base-uncased-finetuned-sst-2-english,crime,,0,1e-05,"[0.45, 0.55]",,,0.0
0.0,0.0,0.0,0.0,0.0,,108.16869497299194 seconds,0.47758007049560547 seconds,0.6153846153846154,0.9435897435897436,0.7449392712550608,0.6,0.7524319545007682,distilbert-base-uncased,crime,"Train: 804, Test: 315",0,1e-05,"Auto weights - [0.4701492537313433, 0.5298507462686567]","Train: ['fa-kes'], Test: ['snope']",,
,,,,,,230.26567029953003 seconds,13.171665906906128 seconds,0.8620689655172413,0.4065040650406504,0.5524861878453038,0.6383928571428571,0.5094205448561008,bert-base-cased,crime,,0,1e-05,"tensor([0.5121, 0.4879])",,./models/bert_model_HxlFn8jfXR.pt,
,,,,,,42.67426371574402 seconds,3.722161054611206 seconds,0.5454545454545454,0.975609756097561,0.6997084548104956,0.5401785714285714,0.7259500563541251,roberta-base,crime,,0,1e-05,"[0.45, 0.55]",,,
,,,,,,3607.235816001892 seconds,27.25634217262268 seconds,0.7142857142857143,0.4065040650406504,0.5181347150259068,0.5848214285714286,0.4875779814933875,roberta-base,crime,,0,1e-05,"tensor([0.5121, 0.4879])",,,
0.0,,,,,,46.74867105484009 seconds,4.1529481410980225 seconds,0.9523809523809523,0.3252032520325203,0.4848484848484848,0.6205357142857143,0.4492218074493236,bert-base-cased,crime,1119,0,1e-05,"Auto weights - [0.5120643431635389, 0.4879356568364611]",,,
0.0,0.0,0.0,,,,74.4687180519104 seconds,2.0995328426361084 seconds,0.98,0.3983739837398374,0.5664739884393063,0.6651785714285714,0.5147716361634292,distilbert-base-uncased,crime,1119,0,1e-05,"Auto weights - [0.5120643431635389, 0.4879356568364611]",,./models/bert_model_9X8CYTJlfU.pt,
,,,,,,41.8538715839386 seconds,3.9003264904022217 seconds,0.7538461538461538,0.3983739837398374,0.5212765957446809,0.5982142857142857,0.4881731333554534,bert-base-uncased,crime,1119,0,1e-05,"Default weights - [0.4879356568364611, 0.5120643431635389]",,,
,,,,,,51.625319957733154 seconds,4.905984878540039 seconds,0.9361702127659575,0.35772357723577236,0.5176470588235295,0.6339285714285714,0.4762049939714948,albert-base-v2,crime,,0,1e-05,"tensor([0.5121, 0.4879])",,./models/bert_model_lZoG3dKPWL.pt,
0.0,0.0,0.0,0.0,0.0,0.0,143.9814796447754 seconds,2.1068148612976074 seconds,0.6880733944954128,0.6097560975609756,0.646551724137931,0.6339285714285714,0.6217248682871628,distilbert-base-uncased-finetuned-sst-2-english,crime,1119,0,1e-05,"Auto weights - [0.5120643431635389, 0.4879356568364611]",,,
,,,,,,2678.3652698993683 seconds,3.7205562591552734 seconds,0.5801886792452831,1.0,0.7343283582089553,0.6026785714285714,0.7763237542601484,bert-base-uncased,crime,,0,1e-05,"[0.45, 0.55]",,,
,,,,,,50.30288505554199 seconds,0.708594799041748 seconds,0.6190476190476191,1.0,0.7647058823529412,0.6190476190476191,0.7867957924694432,bert-base-cased,crime,"Train: 804, Test: 315",0,1e-05,"[0.4701492537313433, 0.5298507462686567]","Train: ['fa-kes'], Test: ['snope']",./models/bert_model_sr46immU1k.pt,
0.0,0.0,0.0,0.0,0.0,,303.40540599823 seconds,1.0402204990386963 seconds,0.75,0.046153846153846156,0.08695652173913043,0.4,0.1358732440973515,roberta-base,crime,"Train: 804, Test: 315",0,1e-05,"Auto weights - [0.4701492537313433, 0.5298507462686567]","Train: ['fa-kes'], Test: ['snope']",,
0.0,,,,,,45.80722689628601 seconds,3.9585092067718506 seconds,0.8888888888888888,0.2601626016260163,0.4025157232704403,0.5758928571428571,0.3870733573524861,bert-base-uncased,crime,1119,0,1e-05,"Auto weights - [0.5120643431635389, 0.4879356568364611]",,,
,,,,,,21.18081784248352 seconds,1.8348207473754883 seconds,0.8333333333333334,0.44715447154471544,0.5820105820105821,0.6473214285714286,0.5380080587801891,distilbert-base-uncased-finetuned-sst-2-english,crime,1119,0,1e-05,"Default weights - [0.4879356568364611, 0.5120643431635389]",,,
0.0,0.0,0.0,0.0,0.0,0.0,842.1308641433716 seconds,11.065287828445435 seconds,0.7368421052631579,0.5691056910569106,0.6422018348623854,0.6517857142857143,0.6090442999894125,bert-base-uncased,crime,1119,0,1e-05,"Auto weights - [0.5120643431635389, 0.4879356568364611]",,./models/bert_model_AERwhy6HZX.pt,
0.0,0.0,0.0,,,,150.6156849861145 seconds,4.872590065002441 seconds,0.9791666666666666,0.3821138211382114,0.5497076023391814,0.65625,0.5007616150644448,albert-base-v2,crime,1119,0,1e-05,"Auto weights - [0.5120643431635389, 0.4879356568364611]",,./models/bert_model_WaHfBSp8SJ.pt,
,,,,,,44.95567584037781 seconds,3.9094855785369873 seconds,0.7142857142857143,0.4065040650406504,0.5181347150259068,0.5848214285714286,0.4875779814933875,roberta-base,crime,1119,0,1e-05,"Default weights - [0.4879356568364611, 0.5120643431635389]",,,
,,,,,,45.4458589553833 seconds,4.218561172485352 seconds,0.8846153846153846,0.37398373983739835,0.5257142857142857,0.6294642857142857,0.485190073749974,albert-base-v2,crime,1119,0,1e-05,"Default weights - [0.4879356568364611, 0.5120643431635389]",,,
0.0,,,,,,69.79749083518982 seconds,6.326482057571411 seconds,0.7123287671232876,0.42276422764227645,0.5306122448979592,0.5892857142857143,0.49912815975521474,roberta-base,crime,1119,0,1e-05,"Auto weights - [0.5120643431635389, 0.4879356568364611]",,,
0.0,,,,,,23.792744398117065 seconds,2.0831778049468994 seconds,0.8620689655172413,0.4065040650406504,0.5524861878453038,0.6383928571428571,0.5094205448561008,distilbert-base-uncased-finetuned-sst-2-english,crime,1119,0,1e-05,"Auto weights - [0.5120643431635389, 0.4879356568364611]",,,
,,,,,,20.726147890090942 seconds,1.7918987274169922 seconds,0.5628140703517588,0.9105691056910569,0.6956521739130435,0.5625,0.7156780854205468,distilbert-base-uncased,crime,,0,1e-05,"[0.45, 0.55]",,,
0.0,0.0,0.0,0.0,0.0,0.0,2246.593889951706 seconds,4.034727573394775 seconds,0.6027397260273972,0.4888888888888889,0.5398773006134968,0.6651785714285714,0.5702617054462036,distilbert-base-uncased-finetuned-sst-2-english,crime,,0,1e-05,"[0.45, 0.55]",,,0.0
0.0,0.0,0.0,0.0,0.0,0.0,285.8498623371124 seconds,4.483309030532837 seconds,0.9622641509433962,0.4146341463414634,0.5795454545454546,0.6696428571428571,0.5269314893087023,albert-base-v2,crime,1119,0,1e-05,"Auto weights - [0.5120643431635389, 0.4879356568364611]",,./models/bert_model_1YWNlDqe55.pt,
,,,,,,39.91295099258423 seconds,3.5324275493621826 seconds,0.5935483870967742,0.7479674796747967,0.6618705035971223,0.5803571428571429,0.6588537542232897,bert-base-cased,crime,,0,1e-05,"[0.45, 0.55]",,,
0.0,0.0,0.0,,,,330.57862663269043 seconds,7.884165048599243 seconds,1.0,0.3902439024390244,0.5614035087719299,0.6651785714285714,0.5094917875030971,roberta-base,crime,1119,0,1e-05,"Auto weights - [0.5120643431635389, 0.4879356568364611]",,./models/bert_model_7xalkHAAvQ.pt,
,,,,,,42.79384517669678 seconds,4.101649284362793 seconds,0.8837209302325582,0.3089430894308943,0.45783132530120485,0.5982142857142857,0.42990018558994264,albert-base-v2,crime,,0,1e-05,"[0.45, 0.55]",,,
0.0,0.0,0.0,0.0,0.0,0.0,140.36094164848328 seconds,1.9769806861877441 seconds,0.75,0.5121951219512195,0.6086956521739131,0.6383928571428571,0.5718231433905707,distilbert-base-uncased,crime,1119,0,1e-05,"Auto weights - [0.5120643431635389, 0.4879356568364611]",,,
0.0,,,,,,24.369436740875244 seconds,2.0524022579193115 seconds,0.8333333333333334,0.4065040650406504,0.546448087431694,0.6294642857142857,0.5058456196714236,distilbert-base-uncased,crime,1119,0,1e-05,"Auto weights - [0.5120643431635389, 0.4879356568364611]",,,
,,,,,,20.75402021408081 seconds,1.792531967163086 seconds,0.7692307692307693,0.5691056910569106,0.6542056074766355,0.6696428571428571,0.6173309979059934,distilbert-base-uncased-finetuned-sst-2-english,crime,,0,1e-05,"[0.45, 0.55]",,,
,,,,,,26.28254246711731 seconds,2.2234270572662354 seconds,0.8387096774193549,0.42276422764227645,0.5621621621621622,0.6383928571428571,0.5195090597692653,distilbert-base-uncased-finetuned-sst-2-english,crime,,0,1e-05,"tensor([0.5121, 0.4879])",,./models/bert_model_ohdSv0i9c6.pt,
0.0,0.0,0.0,,,,146.66441202163696 seconds,4.168135166168213 seconds,0.9807692307692307,0.4146341463414634,0.5828571428571429,0.6741071428571429,0.5286850099267563,bert-base-cased,crime,1119,0,1e-05,"Auto weights - [0.5120643431635389, 0.4879356568364611]",,./models/bert_model_0BdSub5FHX.pt,
0.0,0.0,0.0,0.0,0.0,0.0,2301.1954498291016 seconds,20.18167757987976 seconds,0.6515151515151515,0.4777777777777778,0.5512820512820513,0.6875,0.57312496213498,distilbert-base-uncased-finetuned-sst-2-english,crime,,0,1e-05,"[0.45, 0.55]",,,0.0
0.0,0.0,0.0,,,,75.0655357837677 seconds,2.0766966342926025 seconds,0.8615384615384616,0.45528455284552843,0.5957446808510638,0.6607142857142857,0.5484642268462742,distilbert-base-uncased-finetuned-sst-2-english,crime,1119,0,1e-05,"Auto weights - [0.5120643431635389, 0.4879356568364611]",,./models/bert_model_D0eQLntDWe.pt,
,,,,,,21.59782576560974 seconds,1.8442308902740479 seconds,0.7352941176470589,0.4065040650406504,0.5235602094240838,0.59375,0.491285852246822,distilbert-base-uncased,crime,1119,0,1e-05,"Default weights - [0.4879356568364611, 0.5120643431635389]",,,
0.0,0.0,0.0,0.0,0.0,,2109.0222585201263 seconds,9.313290119171143 seconds,0.4954954954954955,0.6111111111111112,0.5472636815920398,0.59375,0.6023680122833733,distilbert-base-uncased-finetuned-sst-2-english,crime,,0,1e-05,"[0.45, 0.55]",,,
0.0,0.0,0.0,0.0,0.0,,255.52919483184814 seconds,0.6660070419311523 seconds,0.6190476190476191,1.0,0.7647058823529412,0.6190476190476191,0.7867957924694432,bert-base-cased,crime,"Train: 804, Test: 315",0,1e-05,"Auto weights - [0.4701492537313433, 0.5298507462686567]","Train: ['fa-kes'], Test: ['snope']",,
,,,,,,108.76931047439575 seconds,0.6765580177307129 seconds,0.6190476190476191,1.0,0.7647058823529412,0.6190476190476191,0.7867957924694432,bert-base-uncased,crime,"Train: 804, Test: 315",0,1e-05,"[0.4701492537313433, 0.5298507462686567]","Train: ['fa-kes'], Test: ['snope']",./models/bert_model_dvDVWU5hIF.pt,
0.0,0.0,0.0,0.0,0.0,,105.33502459526062 seconds,0.35297346115112305 seconds,0.8620689655172413,0.1282051282051282,0.2232142857142857,0.44761904761904764,0.2395559587801092,distilbert-base-uncased-finetuned-sst-2-english,crime,"Train: 804, Test: 315",0,1e-05,"Auto weights - [0.4701492537313433, 0.5298507462686567]","Train: ['fa-kes'], Test: ['snope']",,
,,,,,,41.24838447570801 seconds,3.6053810119628906 seconds,0.8679245283018868,0.37398373983739835,0.5227272727272727,0.625,0.4834664801187089,bert-base-cased,crime,1119,0,1e-05,"Default weights - [0.4879356568364611, 0.5120643431635389]",,,
,,,,,,6.698038101196289 seconds,0.4289216995239258 seconds,0.875,0.1590909090909091,0.26923076923076916,0.7912087912087912,0.35478743759344955,bert-base-uncased,science,,0,1e-05,"[0.45, 0.55]",,,
,,,,,,7.870029449462891 seconds,0.6978778839111328 seconds,0.43478260869565216,0.45454545454545453,0.4444444444444445,0.7252747252747253,0.5741692517632145,albert-base-v2,science,,0,1e-05,"tensor([0.2789, 0.7211])",,,
0.0,0.0,0.0,,,,13.812400341033936 seconds,0.36303067207336426 seconds,0.37735849056603776,0.45454545454545453,0.41237113402061865,0.6868131868131868,0.5587376953345927,distilbert-base-uncased-finetuned-sst-2-english,science,907,0,1e-05,"Auto weights - [0.278941565600882, 0.721058434399118]",,./models/bert_model_3o9J5cDUJr.pt,
,,,,,,3.795975685119629 seconds,0.21600127220153809 seconds,0.625,0.11363636363636363,0.1923076923076923,0.7692307692307693,0.2956561979945413,distilbert-base-uncased-finetuned-sst-2-english,science,907,0,1e-05,"Default weights - [0.721058434399118, 0.278941565600882]",,,
,,,,,,5.159541130065918 seconds,0.32378721237182617 seconds,0.3684210526315789,0.4772727272727273,0.4158415841584158,0.6758241758241759,0.5679370101978278,distilbert-base-uncased-finetuned-sst-2-english,science,,0,1e-05,"tensor([0.2789, 0.7211])",,,
0.0,0.0,0.0,,,,21.58931565284729 seconds,0.6476447582244873 seconds,0.5087719298245614,0.6590909090909091,0.5742574257425743,0.7637362637362637,0.7094868768142426,albert-base-v2,science,907,0,1e-05,"Auto weights - [0.278941565600882, 0.721058434399118]",,./models/bert_model_4V3FKqHgfr.pt,
,,,,,,9.12502408027649 seconds,0.5820119380950928 seconds,0.4339622641509434,0.5227272727272727,0.4742268041237114,0.7197802197802198,0.6133911894123939,bert-base-cased,science,,0,1e-05,"tensor([0.2789, 0.7211])",,./models/bert_model_tV8F6Cjsy0.pt,
0.0,0.0,0.0,,,,24.523682832717896 seconds,0.530604362487793 seconds,0.5365853658536586,0.5,0.5176470588235295,0.7747252747252747,0.6223846377945373,bert-base-uncased,science,907,0,1e-05,"Auto weights - [0.278941565600882, 0.721058434399118]",,./models/bert_model_q9LXaVyUNX.pt,
,,,,,,9.040270566940308 seconds,0.5925359725952148 seconds,0.43243243243243246,0.36363636363636365,0.39506172839506176,0.7307692307692307,0.5154941956358633,bert-base-uncased,science,,0,1e-05,"tensor([0.2789, 0.7211])",,./models/bert_model_8srFuGxdaY.pt,
0.0,0.0,0.0,,,,13.891845464706421 seconds,0.3048539161682129 seconds,0.5283018867924528,0.6363636363636364,0.5773195876288659,0.7747252747252747,0.7021445670280395,distilbert-base-uncased,science,907,0,1e-05,"Auto weights - [0.278941565600882, 0.721058434399118]",,./models/bert_model_LEHmZ3BE0v.pt,
,,,,,,8.902099132537842 seconds,0.5491065979003906 seconds,0.375,0.4772727272727273,0.42,0.6813186813186813,0.5702410237564685,bert-base-uncased,science,,0,1e-05,"tensor([0.2789, 0.7211])",,,
,,,,,,5.347685098648071 seconds,0.3021831512451172 seconds,0.75,0.13636363636363635,0.23076923076923075,0.7802197802197802,0.326180328029767,distilbert-base-uncased,science,,0,1e-05,"tensor([0.2789, 0.7211])",,./models/bert_model_Wutn2O5VIc.pt,
,,,,,,9.377147436141968 seconds,0.5942535400390625 seconds,0.5,0.22727272727272727,0.3125,0.7582417582417582,0.4151236831688507,bert-base-cased,science,,0,1e-05,"tensor([0.2789, 0.7211])",,,
0.0,0.0,0.0,,,,24.91057515144348 seconds,0.549074649810791 seconds,0.5681818181818182,0.5681818181818182,0.5681818181818182,0.7912087912087912,0.6704852344015113,bert-base-cased,science,907,0,1e-05,"Auto weights - [0.278941565600882, 0.721058434399118]",,./models/bert_model_a6pI3bo1Av.pt,
,,,,,,3.8126184940338135 seconds,0.21528077125549316 seconds,0.5652173913043478,0.29545454545454547,0.3880597014925373,0.7747252747252747,0.4784308768214107,distilbert-base-uncased-finetuned-sst-2-english,science,,0,1e-05,"[0.45, 0.55]",,,
,,,,,,5.19084358215332 seconds,0.2912740707397461 seconds,0.36363636363636365,0.45454545454545453,0.4040404040404041,0.6758241758241759,0.554249769682232,distilbert-base-uncased-finetuned-sst-2-english,science,,0,1e-05,"tensor([0.2789, 0.7211])",,,
0.0,0.0,0.0,0.0,0.0,,31.90778636932373 seconds,0.4577946662902832 seconds,0.5,0.4772727272727273,0.48837209302325585,0.7582417582417582,0.6015713689065595,bert-base-uncased,science,,0,1e-05,"[0.45, 0.55]",,,
,,,,,,6.888996124267578 seconds,0.4384911060333252 seconds,1.0,0.11363636363636363,0.20408163265306123,0.7857142857142857,0.2988071523335984,bert-base-cased,science,,0,1e-05,"[0.45, 0.55]",,,
0.0,0.0,0.0,,,,25.276463985443115 seconds,0.5234894752502441 seconds,0.58,0.6590909090909091,0.6170212765957446,0.8021978021978022,0.7271322291861906,roberta-base,science,907,0,1e-05,"Auto weights - [0.278941565600882, 0.721058434399118]",,./models/bert_model_FUlxP2cRbZ.pt,
,,,,,,8.20760726928711 seconds,0.8072633743286133 seconds,0.5833333333333334,0.1590909090909091,0.25,0.7692307692307693,0.3498251311407206,albert-base-v2,science,,0,1e-05,"tensor([0.2789, 0.7211])",,./models/bert_model_nRu9XJs7FQ.pt,
,,,,,,212.9044737815857 seconds,17.453832387924194 seconds,0.8891129032258065,0.8273921200750469,0.8571428571428572,0.8761583824768323,0.8514261809452597,bert-base-uncased,health,,0,1e-05,"[0.45, 0.55]",,./models/bert_model_lOm5wmFf0Y.pt,
0.0,,,,,,108.91963386535645 seconds,9.057437896728516 seconds,0.9206008583690987,0.8048780487804879,0.8588588588588588,0.8812131423757371,0.8421811649491489,distilbert-base-uncased,health,5932,0,1e-05,"Auto weights - [0.4463924477410654, 0.5536075522589345]",,./models/bert_model_v65JaHtyR5.pt,
,,,,,,110.12849235534668 seconds,8.834044694900513 seconds,0.8803088803088803,0.8555347091932458,0.8677450047573739,0.8828980623420387,0.8691087026448857,distilbert-base-uncased,health,,0,1e-05,"[0.45, 0.55]",,./models/bert_model_VTSrphxrbr.pt,
,,,,,,227.73819231987 seconds,20.739132404327393 seconds,0.8719512195121951,0.8048780487804879,0.8370731707317074,0.8593091828138163,0.8316484223290151,albert-base-v2,health,,0,1e-05,"[0.45, 0.55]",,./models/bert_model_fhJ3LjoUE5.pt,
,,,,,,218.5870394706726 seconds,17.965781211853027 seconds,0.9104803493449781,0.7823639774859287,0.8415741675075681,0.8677337826453243,0.8239439626511661,bert-base-uncased,health,5932,0,1e-05,"Default weights - [0.5536075522589345, 0.4463924477410654]",,./models/bert_model_43TmovSUk7.pt,
0.0,,,,,,107.74418783187866 seconds,8.632362604141235 seconds,0.9098901098901099,0.776735459662289,0.8380566801619433,0.8652064026958719,0.8197783193648961,distilbert-base-uncased-finetuned-sst-2-english,health,5932,0,1e-05,"Auto weights - [0.4463924477410654, 0.5536075522589345]",,./models/bert_model_D7nVt8eLnx.pt,
0.0,,,,,,236.00924444198608 seconds,18.763800144195557 seconds,0.9398663697104677,0.7917448405253283,0.859470468431772,0.8837405223251895,0.8364789291513132,roberta-base,health,5932,0,1e-05,"Auto weights - [0.4463924477410654, 0.5536075522589345]",,./models/bert_model_HWonmRaPI9.pt,
0.0,,,,,,208.69251942634583 seconds,17.111359357833862 seconds,0.9386363636363636,0.774859287054409,0.8489208633093525,0.8761583824768323,0.8239535542691363,bert-base-cased,health,5932,0,1e-05,"Auto weights - [0.4463924477410654, 0.5536075522589345]",,./models/bert_model_tW6DqFzyH4.pt,
,,,,,,114.07061457633972 seconds,9.205886602401733 seconds,0.9414634146341463,0.724202626641651,0.8186638388123011,0.8559393428812131,0.7873204686533326,distilbert-base-uncased-finetuned-sst-2-english,health,5932,0,1e-05,"Default weights - [0.5536075522589345, 0.4463924477410654]",,./models/bert_model_JHpWJTyBle.pt,
,,,,,,235.60781717300415 seconds,20.83655548095703 seconds,0.9453125,0.6810506566604128,0.7917121046892039,0.8390901432181971,0.7559516472870689,albert-base-v2,health,5932,0,1e-05,"Default weights - [0.5536075522589345, 0.4463924477410654]",,./models/bert_model_YkI15TmK3U.pt,
,,,,,,228.83692479133606 seconds,18.4261736869812 seconds,0.9531615925058547,0.7636022514071295,0.8479166666666667,0.8770008424599831,0.8183396714008141,roberta-base,health,,0,1e-05,"[0.45, 0.55]",,./models/bert_model_loDSLd4UbE.pt,
,,,,,,115.11111330986023 seconds,9.11998200416565 seconds,0.9114470842332614,0.7917448405253283,0.8473895582329318,0.8719460825610783,0.8308783377149784,distilbert-base-uncased,health,5932,0,1e-05,"Default weights - [0.5536075522589345, 0.4463924477410654]",,./models/bert_model_edDraSropX.pt,
0.0,,,,,,230.77180671691895 seconds,20.922882080078125 seconds,0.8943820224719101,0.7467166979362101,0.8139059304703475,0.8466722830665543,0.7951253558059694,albert-base-v2,health,5932,0,1e-05,"Auto weights - [0.4463924477410654, 0.5536075522589345]",,./models/bert_model_213CYmsRXa.pt,
,,,,,,217.95359802246094 seconds,17.898694276809692 seconds,0.9491525423728814,0.7354596622889306,0.828752642706131,0.8635214827295703,0.7969223413027937,bert-base-cased,health,5932,0,1e-05,"Default weights - [0.5536075522589345, 0.4463924477410654]",,./models/bert_model_a6cO2NZ3kB.pt,
,,,,,,243.04241800308228 seconds,21.565500736236572 seconds,0.9498806682577565,0.7467166979362101,0.8361344537815126,0.8685762426284751,0.8053448850035464,roberta-base,health,5932,0,1e-05,"Default weights - [0.5536075522589345, 0.4463924477410654]",,./models/bert_model_y11Z8ysOIu.pt,
,,,,,,110.04264068603516 seconds,8.842262983322144 seconds,0.9098901098901099,0.776735459662289,0.8380566801619433,0.8652064026958719,0.8197783193648961,distilbert-base-uncased-finetuned-sst-2-english,health,,0,1e-05,"[0.45, 0.55]",,./models/bert_model_pC2g6MAjET.pt,
0.0,,,,,,209.00782203674316 seconds,17.08309054374695 seconds,0.8967611336032388,0.8311444652908068,0.8627069133398246,0.8812131423757371,0.8558127283624108,bert-base-uncased,health,5932,0,1e-05,"Auto weights - [0.4463924477410654, 0.5536075522589345]",,./models/bert_model_Uqil90bZLX.pt,
,,,,,,212.87843322753906 seconds,17.458963871002197 seconds,0.9096774193548387,0.7936210131332082,0.8476953907815631,0.8719460825610783,0.8318622082049737,bert-base-cased,health,,0,1e-05,"[0.45, 0.55]",,./models/bert_model_scJ2NE79d2.pt,
,,,,,,3480.415495157242 seconds,14.661173343658447 seconds,0.2083469188131725,0.9573033707865168,0.3422144865443834,0.23521170610211706,0.474519714132094,bert-base-cased,politics,"Train: 78495, Test: 6424",0,1e-05,"[0.5035225173577935, 0.49647748264220654]","Train: ['fake_news', 'isot_dataset', 'liar_dataset'], Test: ['pheme', 'politifact']",,
,,,,,,24.52733564376831 seconds,1.2599453926086426 seconds,0.8206521739130435,0.5298245614035088,0.6439232409381663,0.8700389105058366,0.6789462306860106,distilbert-base-uncased,politics,,0,1e-05,"[0.45, 0.55]",,./models/bert_model_mWge2YMgTW.pt,
0.0,,,,,,33.82923865318298 seconds,2.984278917312622 seconds,0.6666666666666666,0.014035087719298246,0.027491408934707903,0.7797665369649806,0.10461401314774671,albert-base-v2,politics,6424,0,1e-05,"Auto weights - [0.20781444582814446, 0.7921855541718555]",,./models/bert_model_xeN6ktsOJB.pt,
0.0,,,,,,44.356528759002686 seconds,2.4576539993286133 seconds,0.6746575342465754,0.6912280701754386,0.682842287694974,0.8575875486381322,0.7699276500111041,bert-base-uncased,politics,6424,0,1e-05,"Auto weights - [0.20781444582814446, 0.7921855541718555]",,./models/bert_model_tFewVsZCBi.pt,
,,,,,,24.504387855529785 seconds,1.304962158203125 seconds,0.9294117647058824,0.2771929824561403,0.427027027027027,0.8350194552529183,0.48110449302667924,distilbert-base-uncased,politics,6424,0,1e-05,"Default weights - [0.7921855541718555, 0.20781444582814446]",,./models/bert_model_kSdRIpQOIW.pt,
,,,,,,52.7528715133667 seconds,2.484174966812134 seconds,0.9224806201550387,0.41754385964912283,0.5748792270531401,0.863035019455253,0.6002957379789583,roberta-base,politics,,0,1e-05,"[0.45, 0.55]",,./models/bert_model_c7rgsLn2XG.pt,
,,,,,,53.47480797767639 seconds,2.6311001777648926 seconds,0.9454545454545454,0.3649122807017544,0.5265822784810127,0.8544747081712062,0.5583979893953066,roberta-base,politics,6424,0,1e-05,"Default weights - [0.7921855541718555, 0.20781444582814446]",,./models/bert_model_UYC6EBsS9s.pt,
,,,,,,46.02280402183533 seconds,3.085195541381836 seconds,0.9659090909090909,0.2982456140350877,0.4557640750670241,0.842023346303502,0.5011284964459387,bert-base-uncased,politics,6424,0,1e-05,"Default weights - [0.7921855541718555, 0.20781444582814446]",,./models/bert_model_deOv3RV3YI.pt,
,,,,,,33.808907985687256 seconds,3.040245294570923 seconds,0.6282722513089005,0.42105263157894735,0.5042016806722689,0.8163424124513619,0.586279047069015,albert-base-v2,politics,,0,1e-05,"[0.45, 0.55]",,./models/bert_model_6GWfICPbQl.pt,
,,,,,,1793.109129667282 seconds,8.017374515533447 seconds,0.2082480717771132,0.9910112359550561,0.3441727367325702,0.2151307596513076,0.46173260661771814,distilbert-base-uncased,politics,"Train: 78495, Test: 6424",0,1e-05,"[0.5035225173577935, 0.49647748264220654]","Train: ['fake_news', 'isot_dataset', 'liar_dataset'], Test: ['pheme', 'politifact']",,
0.0,,,,,,24.80260133743286 seconds,1.3597583770751953 seconds,0.5692695214105793,0.7929824561403509,0.6627565982404692,0.8210116731517509,0.8068753640406766,distilbert-base-uncased,politics,6424,0,1e-05,"Auto weights - [0.20781444582814446, 0.7921855541718555]",,./models/bert_model_sMkdpClOuO.pt,
0.0,,,,,,53.37534856796265 seconds,2.4108734130859375 seconds,0.6615384615384615,0.7543859649122807,0.7049180327868853,0.8599221789883269,0.8054273541081033,roberta-base,politics,6424,0,1e-05,"Auto weights - [0.20781444582814446, 0.7921855541718555]",,./models/bert_model_NK5whAhCF1.pt,
,,,,,,47.28223371505737 seconds,2.8074252605438232 seconds,0.9338842975206612,0.39649122807017545,0.5566502463054186,0.8599221789883269,0.5839106102751199,bert-base-cased,politics,,0,1e-05,"[0.45, 0.55]",,./models/bert_model_19CRFeICBN.pt,
,,,,,,4499.387049913406 seconds,13.717310905456543 seconds,0.20943271767810026,0.951310861423221,0.34328963373428845,0.24361768368617684,0.4814105820663134,bert-base-uncased,politics,"Train: 78495, Test: 6424",0,1e-05,"[0.5035225173577935, 0.49647748264220654]","Train: ['fake_news', 'isot_dataset', 'liar_dataset'], Test: ['pheme', 'politifact']",,
0.0,,,,,,24.521446228027344 seconds,1.2790541648864746 seconds,0.4934210526315789,0.7894736842105263,0.6072874493927125,0.7735408560311284,0.7814666656347277,distilbert-base-uncased-finetuned-sst-2-english,politics,6424,0,1e-05,"Auto weights - [0.20781444582814446, 0.7921855541718555]",,./models/bert_model_xdkd6R7wWL.pt,
,,,,,,1792.8643221855164 seconds,7.7813920974731445 seconds,0.207981220657277,0.9955056179775281,0.3440776699029126,0.21123910336239105,0.45857356458238635,distilbert-base-uncased-finetuned-sst-2-english,politics,"Train: 78495, Test: 6424",0,1e-05,"[0.5035225173577935, 0.49647748264220654]","Train: ['fake_news', 'isot_dataset', 'liar_dataset'], Test: ['pheme', 'politifact']",,
,,,,,,3714.663311481476 seconds,15.006895542144775 seconds,0.2,0.8441947565543071,0.3233859397417504,0.2658779576587796,0.4737644749650503,albert-base-v2,politics,"Train: 78495, Test: 6424",0,1e-05,"[0.5035225173577935, 0.49647748264220654]","Train: ['fake_news', 'isot_dataset', 'liar_dataset'], Test: ['pheme', 'politifact']",,
,,,,,,3717.277514219284 seconds,16.089505910873413 seconds,0.2065027755749405,0.9752808988764045,0.3408376963350785,0.21606475716064757,0.45904665403327843,roberta-base,politics,"Train: 78495, Test: 6424",0,1e-05,"[0.5035225173577935, 0.49647748264220654]","Train: ['fake_news', 'isot_dataset', 'liar_dataset'], Test: ['pheme', 'politifact']",,
,,,,,,44.51108121871948 seconds,2.483720302581787 seconds,0.8232323232323232,0.5719298245614035,0.6749482401656315,0.8778210116731517,0.7085562907790315,bert-base-uncased,politics,,0,1e-05,"[0.45, 0.55]",,./models/bert_model_DMaHx8fEE3.pt,
,,,,,,24.511799573898315 seconds,1.2572035789489746 seconds,0.9137931034482759,0.3719298245614035,0.5286783042394015,0.8529182879377432,0.563227972669946,distilbert-base-uncased-finetuned-sst-2-english,politics,,0,1e-05,"[0.45, 0.55]",,./models/bert_model_3Ei5YYKYvP.pt,
,,,,,,49.09574842453003 seconds,3.072526454925537 seconds,0.9682539682539683,0.21403508771929824,0.35057471264367823,0.824124513618677,0.4199899553132164,bert-base-cased,politics,6424,0,1e-05,"Default weights - [0.7921855541718555, 0.20781444582814446]",,./models/bert_model_x398CPVCSv.pt,
,,,,,,34.873509883880615 seconds,3.290583372116089 seconds,0.8137931034482758,0.41403508771929826,0.5488372093023255,0.8490272373540856,0.5928971805414259,albert-base-v2,politics,6424,0,1e-05,"Default weights - [0.7921855541718555, 0.20781444582814446]",,./models/bert_model_3DU1zhVrx9.pt,
0.0,,,,,,46.55791664123535 seconds,2.701862096786499 seconds,0.7488789237668162,0.5859649122807018,0.6574803149606299,0.864591439688716,0.7117726091357016,bert-base-cased,politics,6424,0,1e-05,"Auto weights - [0.20781444582814446, 0.7921855541718555]",,./models/bert_model_Pms4yZYcIY.pt,
,,,,,,1340.2415881156921 seconds,108.41306447982788 seconds,0.9776993123954655,0.9105226722049152,0.9429160319025002,0.9524910501193318,0.9312704742479061,distilbert-base-uncased,social_media,67038,0,1e-05,"Default weights - [0.5703332438318566, 0.4296667561681434]",,./models/bert_model_A26B6qjIiK.pt,
,,,,,,2454.8211538791656 seconds,197.43858909606934 seconds,0.9650890768400215,0.9281758393907926,0.9462726069695633,0.9545793556085919,0.9412850230706566,roberta-base,social_media,,0,1e-05,"[0.45, 0.55]",,./models/bert_model_B7tcWFYVkt.pt,
,,,,,,2414.736571073532 seconds,198.7047414779663 seconds,0.9651750270660412,0.9257528556593977,0.9450530035335688,0.953609785202864,0.9395780871414021,bert-base-cased,social_media,,0,1e-05,"[0.45, 0.55]",,./models/bert_model_ev1MuLMf8B.pt,
,,,,,,140.74821543693542 seconds,773.9924607276917 seconds,0.5229854336496058,1.0,0.6867898038871584,0.5229854336496058,0.7231773182626829,albert-base-v2,social_media,"Train: 22140, Test: 44898",0,1e-05,"[0.2404245709123758, 0.7595754290876242]","Train: ['gossipcop'], Test: ['isot_social']",,
,,,,,,89.29219770431519 seconds,328.6958181858063 seconds,0.5229854336496058,1.0,0.6867898038871584,0.5229854336496058,0.7231773182626829,distilbert-base-uncased-finetuned-sst-2-english,social_media,"Train: 22140, Test: 44898",0,1e-05,"[0.2404245709123758, 0.7595754290876242]","Train: ['gossipcop'], Test: ['isot_social']",,
,,,,,,4841.2311272621155 seconds,245.34946537017822 seconds,0.9810055865921787,0.9117341640706127,0.9451022604951561,0.9543556085918854,0.9328014863976276,roberta-base,social_media,67038,0,1e-05,"Default weights - [0.5703332438318566, 0.4296667561681434]",,./models/bert_model_bbyy6isx45.pt,
,,,,,,3145.036005973816 seconds,277.82662987709045 seconds,0.9591691816083792,0.935098650051921,0.9469809832617649,0.9548776849642004,0.9449364180592933,bert-base-uncased,social_media,67038,0,1e-05,"Default weights - [0.5703332438318566, 0.4296667561681434]",,./models/bert_model_QQVLgunH8n.pt,
,,,,,,2544.9017062187195 seconds,231.42774748802185 seconds,0.9618168657256605,0.9198684665974386,0.9403750884642604,0.9497315035799523,0.934680727241859,albert-base-v2,social_media,67038,0,1e-05,"Default weights - [0.5703332438318566, 0.4296667561681434]",,./models/bert_model_WZs28PjI9n.pt,
,,,,,,4275.406414747238 seconds,192.8256618976593 seconds,0.9529929577464789,0.9368293527172031,0.9448420317681969,0.9528639618138425,0.9448126420479416,bert-base-uncased,social_media,,0,1e-05,"[0.45, 0.55]",,./models/bert_model_PCC4KyB9yX.pt,
,,,,,,197.06423044204712 seconds,651.9465277194977 seconds,0.5229854336496058,1.0,0.6867898038871584,0.5229854336496058,0.7231773182626829,bert-base-cased,social_media,"Train: 22140, Test: 44898",0,1e-05,"[0.2404245709123758, 0.7595754290876242]","Train: ['gossipcop'], Test: ['isot_social']",,
,,,,,,1357.5884625911713 seconds,111.90368175506592 seconds,0.9687899251688264,0.9186569747317411,0.9430576530159013,0.9521927207637232,0.935274550182131,distilbert-base-uncased-finetuned-sst-2-english,social_media,67038,0,1e-05,"Default weights - [0.5703332438318566, 0.4296667561681434]",,./models/bert_model_3lqx9a4MSD.pt,
0.0,,,,,,2458.4147160053253 seconds,200.06512999534607 seconds,0.962486602357985,0.9325025960539979,0.9472573839662447,0.9552505966587113,0.9438080637854175,bert-base-cased,social_media,67038,0,1e-05,"Auto weights - [0.4296667561681434, 0.5703332438318566]",,./models/bert_model_PufzxaHh7e.pt,
,,,,,,185.09725880622864 seconds,647.3143866062164 seconds,0.5229854336496058,1.0,0.6867898038871584,0.5229854336496058,0.7231773182626829,roberta-base,social_media,"Train: 22140, Test: 44898",0,1e-05,"[0.2404245709123758, 0.7595754290876242]","Train: ['gossipcop'], Test: ['isot_social']",,
0.0,,,,,,4367.5576367378235 seconds,240.75932598114014 seconds,0.9574204946996466,0.9378677743163725,0.9475432767966427,0.9552505966587113,0.9465192818969365,bert-base-uncased,social_media,67038,0,1e-05,"Auto weights - [0.4296667561681434, 0.5703332438318566]",,./models/bert_model_qLQ0ICl9Ij.pt,
0.0,,,,,,1222.652335882187 seconds,98.18816781044006 seconds,0.954416961130742,0.9349255797853929,0.9445707291484525,0.9527147971360382,0.9437782759115265,distilbert-base-uncased-finetuned-sst-2-english,social_media,67038,0,1e-05,"Auto weights - [0.4296667561681434, 0.5703332438318566]",,./models/bert_model_q87IWp5Ueg.pt,
,,,,,,89.21788096427917 seconds,328.6555247306824 seconds,0.5229854336496058,1.0,0.6867898038871584,0.5229854336496058,0.7231773182626829,distilbert-base-uncased,social_media,"Train: 22140, Test: 44898",0,1e-05,"[0.2404245709123758, 0.7595754290876242]","Train: ['gossipcop'], Test: ['isot_social']",,
,,,,,,2524.772070646286 seconds,230.58450531959534 seconds,0.9504616477272727,0.9264451367255105,0.9382997370727433,0.9474940334128878,0.9369104756228358,albert-base-v2,social_media,,0,1e-05,"[0.45, 0.55]",,./models/bert_model_pFJBuQcMuN.pt,
,,,,,,169.27289056777954 seconds,673.643550157547 seconds,0.5229854336496058,1.0,0.6867898038871584,0.5229854336496058,0.7231773182626829,bert-base-uncased,social_media,"Train: 22140, Test: 44898",0,1e-05,"[0.2404245709123758, 0.7595754290876242]","Train: ['gossipcop'], Test: ['isot_social']",,
,,,,,,3794.151592731476 seconds,437.9079337120056 seconds,0.9791511541325391,0.910349601938387,0.9434977578475336,0.9530131264916468,0.9314371263503126,bert-base-cased,social_media,67038,0,1e-05,"Default weights - [0.5703332438318566, 0.4296667561681434]",,./models/bert_model_gs7sZV0Dwf.pt,
0.0,,,,,,1222.7138254642487 seconds,98.34118008613586 seconds,0.9686366932559826,0.9247144340602285,0.9461661058969365,0.954653937947494,0.9395649397207653,distilbert-base-uncased,social_media,67038,0,1e-05,"Auto weights - [0.4296667561681434, 0.5703332438318566]",,./models/bert_model_2pOlUnTYjj.pt,
,,,,,,1217.8808183670044 seconds,98.00264644622803 seconds,0.9577564785232516,0.9338871581862236,0.945671223273747,0.9537589498806682,0.9437707535724627,distilbert-base-uncased-finetuned-sst-2-english,social_media,,0,1e-05,"[0.45, 0.55]",,./models/bert_model_60Yjsbmn4F.pt,
,,,,,,1220.4213590621948 seconds,98.06922602653503 seconds,0.9687330562082053,0.927656628591208,0.9477499778976217,0.9559218377088305,0.9416831893825469,distilbert-base-uncased,social_media,,0,1e-05,"[0.45, 0.55]",,./models/bert_model_mLXTbOJuAN.pt,
0.0,,,,,,2464.4899911880493 seconds,198.1321883201599 seconds,0.9727804165144318,0.9215991692627207,0.9464984002843939,0.9551014319809069,0.9382007707709682,roberta-base,social_media,67038,0,1e-05,"Auto weights - [0.4296667561681434, 0.5703332438318566]",,./models/bert_model_TUINIqj4ZO.pt,
0.0,,,,,,2532.726053714752 seconds,231.40824437141418 seconds,0.953475935828877,0.9257528556593977,0.9394099051633298,0.948538186157518,0.9370762693278001,albert-base-v2,social_media,67038,0,1e-05,"Auto weights - [0.4296667561681434, 0.5703332438318566]",,./models/bert_model_UeS5UDTkng.pt,
